{"order_uid": "8yua0e6fys6ogmni", "track_number": "TRACK6141", "entry": "WBIL", "delivery": {"name": "Test Testov", "phone": "+8904341785", "zip": "2639809", "city": "Kiryat Mozkin", "address": "Ploshad Mira 15", "region": "Kraiot", "email": "test@gmail.com"}, "payment": {"transaction": "8yua0e6fys6ogmni", "request_id": "", "currency": "USD", "provider": "wbpay", "amount": 1198, "payment_dt": 1653782027, "bank": "alpha", "delivery_cost": 1500, "goods_total": 317, "custom_fee": 0}, "items": [{"chrt_id": 9934930, "track_number": "TRACK6141", "price": 325, "rid": "ab4219087a764ae0btest", "name": "Mascaras", "sale": 30, "size": "0", "total_price": 294, "nm_id": 2389212, "brand": "Vivienne Sabo", "status": 202}], "locale": "en", "internal_signature": "", "customer_id": "test", "delivery_service": "meest", "shardkey": "9", "sm_id": 99, "date_created": "2022-12-10T00:00:00Z", "oof_shard": "1"}
{"order_uid": "p2wq3q6j3qvlvozj", "track_number": "TRACK9385", "entry": "WBIL", "delivery": {"name": "Test Testov", "phone": "+4183997261", "zip": "2639809", "city": "Kiryat Mozkin", "address": "Ploshad Mira 15", "region": "Kraiot", "email": "test@gmail.com"}, "payment": {"transaction": "p2wq3q6j3qvlvozj", "request_id": "", "currency": "USD", "provider": "wbpay", "amount": 4317, "payment_dt": 1608744652, "bank": "alpha", "delivery_cost": 1500, "goods_total": 317, "custom_fee": 0}, "items": [{"chrt_id": 9934930, "track_number": "TRACK9385", "price": 666, "rid": "ab4219087a764ae0btest", "name": "Mascaras", "sale": 30, "size": "0", "total_price": 636, "nm_id": 2389212, "brand": "Vivienne Sabo", "status": 202}], "locale": "en", "internal_signature": "", "customer_id": "test", "delivery_service": "meest", "shardkey": "9", "sm_id": 99, "date_created": "2022-10-04T00:00:00Z", "oof_shard": "1"}
{"order_uid": "ogdiv7zltax9p0br", "track_number": "TRACK6615", "entry": "WBIL", "delivery": {"name": "Test Testov", "phone": "+1308134971", "zip": "2639809", "city": "Kiryat Mozkin", "address": "Ploshad Mira 15", "region": "Kraiot", "email": "test@gmail.com"}, "payment": {"transaction": "ogdiv7zltax9p0br", "request_id": "", "currency": "USD", "provider": "wbpay", "amount": 2339, "payment_dt": 1621103569, "bank": "alpha", "delivery_cost": 1500, "goods_total": 317, "custom_fee": 0}, "items": [{"chrt_id": 9934930, "track_number": "TRACK6615", "price": 354, "rid": "ab4219087a764ae0btest", "name": "Mascaras", "sale": 30, "size": "0", "total_price": 344, "nm_id": 2389212, "brand": "Vivienne Sabo", "status": 202}], "locale": "en", "internal_signature": "", "customer_id": "test", "delivery_service": "meest", "shardkey": "9", "sm_id": 99, "date_created": "2021-07-30T00:00:00Z", "oof_shard": "1"}
{"order_uid": "sqbplql697p0dxen", "track_number": "TRACK5823", "entry": "WBIL", "delivery": {"name": "Test Testov", "phone": "+2850456488", "zip": "2639809", "city": "Kiryat Mozkin", "address": "Ploshad Mira 15", "region": "Kraiot", "email": "test@gmail.com"}, "payment": {"transaction": "sqbplql697p0dxen", "request_id": "", "currency": "USD", "provider": "wbpay", "amount": 3259, "payment_dt": 1694143247, "bank": "alpha", "delivery_cost": 1500, "goods_total": 317, "custom_fee": 0}, "items": [{"chrt_id": 9934930, "track_number": "TRACK5823", "price": 556, "rid": "ab4219087a764ae0btest", "name": "Mascaras", "sale": 30, "size": "0", "total_price": 543, "nm_id": 2389212, "brand": "Vivienne Sabo", "status": 202}], "locale": "en", "internal_signature": "", "customer_id": "test", "delivery_service": "meest", "shardkey": "9", "sm_id": 99, "date_created": "2022-03-31T00:00:00Z", "oof_shard": "1"}
{"order_uid": "z5dvaonan9o9miun", "track_number": "TRACK1003", "entry": "WBIL", "delivery": {"name": "Test Testov", "phone": "+5044031368", "zip": "2639809", "city": "Kiryat Mozkin", "address": "Ploshad Mira 15", "region": "Kraiot", "email": "test@gmail.com"}, "payment": {"transaction": "z5dvaonan9o9miun", "request_id": "", "currency": "USD", "provider": "wbpay", "amount": 121, "payment_dt": 1633990731, "bank": "alpha", "delivery_cost": 1500, "goods_total": 317, "custom_fee": 0}, "items": [{"chrt_id": 9934930, "track_number": "TRACK1003", "price": 357, "rid": "ab4219087a764ae0btest", "name": "Mascaras", "sale": 30, "size": "0", "total_price": 345, "nm_id": 2389212, "brand": "Vivienne Sabo", "status": 202}], "locale": "en", "internal_signature": "", "customer_id": "test", "delivery_service": "meest", "shardkey": "9", "sm_id": 99, "date_created": "2022-06-27T00:00:00Z", "oof_shard": "1"}
{"order_uid": "rrqpb3exgcqc8k1q", "track_number": "TRACK9986", "entry": "WBIL", "delivery": {"name": "Test Testov", "phone": "+5881938634", "zip": "2639809", "city": "Kiryat Mozkin", "address": "Ploshad Mira 15", "region": "Kraiot", "email": "test@gmail.com"}, "payment": {"transaction": "rrqpb3exgcqc8k1q", "request_id": "", "currency": "USD", "provider": "wbpay", "amount": 4684, "payment_dt": 1669673326, "bank": "alpha", "delivery_cost": 1500, "goods_total": 317, "custom_fee": 0}, "items": [{"chrt_id": 9934930, "track_number": "TRACK9986", "price": 682, "rid": "ab4219087a764ae0btest", "name": "Mascaras", "sale": 30, "size": "0", "total_price": 652, "nm_id": 2389212, "brand": "Vivienne Sabo", "status": 202}], "locale": "en", "internal_signature": "", "customer_id": "test", "delivery_service": "meest", "shardkey": "9", "sm_id": 99, "date_created": "2022-03-27T00:00:00Z", "oof_shard": "1"}
{"order_uid": "a5xlk1e7kyew4oa8", "track_number": "TRACK9888", "entry": "WBIL", "delivery": {"name": "Test Testov", "phone": "+8616977223", "zip": "2639809", "city": "Kiryat Mozkin", "address": "Ploshad Mira 15", "region": "Kraiot", "email": "test@gmail.com"}, "payment": {"transaction": "a5xlk1e7kyew4oa8", "request_id": "", "currency": "USD", "provider": "wbpay", "amount": 987, "payment_dt": 1636757941, "bank": "alpha", "delivery_cost": 1500, "goods_total": 317, "custom_fee": 0}, "items": [{"chrt_id": 9934930, "track_number": "TRACK9888", "price": 823, "rid": "ab4219087a764ae0btest", "name": "Mascaras", "sale": 30, "size": "0", "total_price": 773, "nm_id": 2389212, "brand": "Vivienne Sabo", "status": 202}], "locale": "en", "internal_signature": "", "customer_id": "test", "delivery_service": "meest", "shardkey": "9", "sm_id": 99, "date_created": "2023-03-26T00:00:00Z", "oof_shard": "1"}
{"order_uid": "h79wrl240xiabes6", "track_number": "TRACK8649", "entry": "WBIL", "delivery": {"name": "Test Testov", "phone": "+7894603541", "zip": "2639809", "city": "Kiryat Mozkin", "address": "Ploshad Mira 15", "region": "Kraiot", "email": "test@gmail.com"}, "payment": {"transaction": "h79wrl240xiabes6", "request_id": "", "currency": "USD", "provider": "wbpay", "amount": 1134, "payment_dt": 1656885102, "bank": "alpha", "delivery_cost": 1500, "goods_total": 317, "custom_fee": 0}, "items": [{"chrt_id": 9934930, "track_number": "TRACK8649", "price": 729, "rid": "ab4219087a764ae0btest", "name": "Mascaras", "sale": 30, "size": "0", "total_price": 697, "nm_id": 2389212, "brand": "Vivienne Sabo", "status": 202}], "locale": "en", "internal_signature": "", "customer_id": "test", "delivery_service": "meest", "shardkey": "9", "sm_id": 99, "date_created": "2021-04-23T00:00:00Z", "oof_shard": "1"}
{"order_uid": "fudpnj5t42e6i6u1", "track_number": "TRACK8939", "entry": "WBIL", "delivery": {"name": "Test Testov", "phone": "+4379470835", "zip": "2639809", "city": "Kiryat Mozkin", "address": "Ploshad Mira 15", "region": "Kraiot", "email": "test@gmail.com"}, "payment": {"transaction": "fudpnj5t42e6i6u1", "request_id": "", "currency": "USD", "provider": "wbpay", "amount": 1057, "payment_dt": 1645562079, "bank": "alpha", "delivery_cost": 1500, "goods_total": 317, "custom_fee": 0}, "items": [{"chrt_id": 9934930, "track_number": "TRACK8939", "price": 760, "rid": "ab4219087a764ae0btest", "name": "Mascaras", "sale": 30, "size": "0", "total_price": 714, "nm_id": 2389212, "brand": "Vivienne Sabo", "status": 202}], "locale": "en", "internal_signature": "", "customer_id": "test", "delivery_service": "meest", "shardkey": "9", "sm_id": 99, "date_created": "2021-12-28T00:00:00Z", "oof_shard": "1"}
{"order_uid": "9cart82vcvup3soo", "track_number": "TRACK8452", "entry": "WBIL", "delivery": {"name": "Test Testov", "phone": "+2860816520", "zip": "2639809", "city": "Kiryat Mozkin", "address": "Ploshad Mira 15", "region": "Kraiot", "email": "test@gmail.com"}, "payment": {"transaction": "9cart82vcvup3soo", "request_id": "", "currency": "USD", "provider": "wbpay", "amount": 1381, "payment_dt": 1639007640, "bank": "alpha", "delivery_cost": 1500, "goods_total": 317, "custom_fee": 0}, "items": [{"chrt_id": 9934930, "track_number": "TRACK8452", "price": 333, "rid": "ab4219087a764ae0btest", "name": "Mascaras", "sale": 30, "size": "0", "total_price": 323, "nm_id": 2389212, "brand": "Vivienne Sabo", "status": 202}], "locale": "en", "internal_signature": "", "customer_id": "test", "delivery_service": "meest", "shardkey": "9", "sm_id": 99, "date_created": "2022-09-19T00:00:00Z", "oof_shard": "1"}
{"order_uid": "sie2nrby9qbar4tv", "track_number": "TRACK6813", "entry": "WBIL", "delivery": {"name": "Test Testov", "phone": "+4121998826", "zip": "2639809", "city": "Kiryat Mozkin", "address": "Ploshad Mira 15", "region": "Kraiot", "email": "test@gmail.com"}, "payment": {"transaction": "sie2nrby9qbar4tv", "request_id": "", "currency": "USD", "provider": "wbpay", "amount": 3881, "payment_dt": 1636938713, "bank": "alpha", "delivery_cost": 1500, "goods_total": 317, "custom_fee": 0}, "items": [{"chrt_id": 9934930, "track_number": "TRACK6813", "price": 335, "rid": "ab4219087a764ae0btest", "name": "Mascaras", "sale": 30, "size": "0", "total_price": 308, "nm_id": 2389212, "brand": "Vivienne Sabo", "status": 202}], "locale": "en", "internal_signature": "", "customer_id": "test", "delivery_service": "meest", "shardkey": "9", "sm_id": 99, "date_created": "2022-10-15T00:00:00Z", "oof_shard": "1"}
{"order_uid": "4vt7vkd9xvpinvie", "track_number": "TRACK9019", "entry": "WBIL", "delivery": {"name": "Test Testov", "phone": "+2519638336", "zip": "2639809", "city": "Kiryat Mozkin", "address": "Ploshad Mira 15", "region": "Kraiot", "email": "test@gmail.com"}, "payment": {"transaction": "4vt7vkd9xvpinvie", "request_id": "", "currency": "USD", "provider": "wbpay", "amount": 1281, "payment_dt": 1617777043, "bank": "alpha", "delivery_cost": 1500, "goods_total": 317, "custom_fee": 0}, "items": [{"chrt_id": 9934930, "track_number": "TRACK9019", "price": 365, "rid": "ab4219087a764ae0btest", "name": "Mascaras", "sale": 30, "size": "0", "total_price": 351, "nm_id": 2389212, "brand": "Vivienne Sabo", "status": 202}], "locale": "en", "internal_signature": "", "customer_id": "test", "delivery_service": "meest", "shardkey": "9", "sm_id": 99, "date_created": "2021-02-12T00:00:00Z", "oof_shard": "1"}
{"order_uid": "t2w1hy9n0508susy", "track_number": "TRACK4105", "entry": "WBIL", "delivery": {"name": "Test Testov", "phone": "+1693723345", "zip": "2639809", "city": "Kiryat Mozkin", "address": "Ploshad Mira 15", "region": "Kraiot", "email": "test@gmail.com"}, "payment": {"transaction": "t2w1hy9n0508susy", "request_id": "", "currency": "USD", "provider": "wbpay", "amount": 2653, "payment_dt": 1660928201, "bank": "alpha", "delivery_cost": 1500, "goods_total": 317, "custom_fee": 0}, "items": [{"chrt_id": 9934930, "track_number": "TRACK4105", "price": 893, "rid": "ab4219087a764ae0btest", "name": "Mascaras", "sale": 30, "size": "0", "total_price": 875, "nm_id": 2389212, "brand": "Vivienne Sabo", "status": 202}], "locale": "en", "internal_signature": "", "customer_id": "test", "delivery_service": "meest", "shardkey": "9", "sm_id": 99, "date_created": "2022-02-02T00:00:00Z", "oof_shard": "1"}
{"order_uid": "vhqrsqbdxoahmdfe", "track_number": "TRACK8771", "entry": "WBIL", "delivery": {"name": "Test Testov", "phone": "+7419437877", "zip": "2639809", "city": "Kiryat Mozkin", "address": "Ploshad Mira 15", "region": "Kraiot", "email": "test@gmail.com"}, "payment": {"transaction": "vhqrsqbdxoahmdfe", "request_id": "", "currency": "USD", "provider": "wbpay", "amount": 1781, "payment_dt": 1687392911, "bank": "alpha", "delivery_cost": 1500, "goods_total": 317, "custom_fee": 0}, "items": [{"chrt_id": 9934930, "track_number": "TRACK8771", "price": 993, "rid": "ab4219087a764ae0btest", "name": "Mascaras", "sale": 30, "size": "0", "total_price": 953, "nm_id": 2389212, "brand": "Vivienne Sabo", "status": 202}], "locale": "en", "internal_signature": "", "customer_id": "test", "delivery_service": "meest", "shardkey": "9", "sm_id": 99, "date_created": "2021-03-03T00:00:00Z", "oof_shard": "1"}
{"order_uid": "x7z8uk6h5yxkgwr0", "track_number": "TRACK7900", "entry": "WBIL", "delivery": {"name": "Test Testov", "phone": "+5593925797", "zip": "2639809", "city": "Kiryat Mozkin", "address": "Ploshad Mira 15", "region": "Kraiot", "email": "test@gmail.com"}, "payment": {"transaction": "x7z8uk6h5yxkgwr0", "request_id": "", "currency": "USD", "provider": "wbpay", "amount": 2300, "payment_dt": 1639776358, "bank": "alpha", "delivery_cost": 1500, "goods_total": 317, "custom_fee": 0}, "items": [{"chrt_id": 9934930, "track_number": "TRACK7900", "price": 991, "rid": "ab4219087a764ae0btest", "name": "Mascaras", "sale": 30, "size": "0", "total_price": 984, "nm_id": 2389212, "brand": "Vivienne Sabo", "status": 202}], "locale": "en", "internal_signature": "", "customer_id": "test", "delivery_service": "meest", "shardkey": "9", "sm_id": 99, "date_created": "2021-04-29T00:00:00Z", "oof_shard": "1"}
{"order_uid": "8yua0e6fys6ogmni", "track_number": "TRACK6141", "entry": "WBIL", "delivery": {"name": "Test Testov", "phone": "+8904341785", "zip": "2639809", "city": "Kiryat Mozkin", "address": "Ploshad Mira 15", "region": "Kraiot", "email": "test@gmail.com"}, "payment": {"transaction": "8yua0e6fys6ogmni", "request_id": "", "currency": "USD", "provider": "wbpay", "amount": 1198, "payment_dt": 1653782027, "bank": "alpha", "delivery_cost": 1500, "goods_total": 317, "custom_fee": 0}, "items": [{"chrt_id": 9934930, "track_number": "TRACK6141", "price": 325, "rid": "ab4219087a764ae0btest", "name": "Mascaras", "sale": 30, "size": "0", "total_price": 294, "nm_id": 2389212, "brand": "Vivienne Sabo", "status": 202}], "locale": "en", "internal_signature": "", "customer_id": "test", "delivery_service": "meest", "shardkey": "9", "sm_id": 99, "date_created": "2022-12-10T00:00:00Z", "oof_shard": "1"}
{"order_uid": "p2wq3q6j3qvlvozj", "track_number": "TRACK9385", "entry": "WBIL", "delivery": {"name": "Test Testov", "phone": "+4183997261", "zip": "2639809", "city": "Kiryat Mozkin", "address": "Ploshad Mira 15", "region": "Kraiot", "email": "test@gmail.com"}, "payment": {"transaction": "p2wq3q6j3qvlvozj", "request_id": "", "currency": "USD", "provider": "wbpay", "amount": 4317, "payment_dt": 1608744652, "bank": "alpha", "delivery_cost": 1500, "goods_total": 317, "custom_fee": 0}, "items": [{"chrt_id": 9934930, "track_number": "TRACK9385", "price": 666, "rid": "ab4219087a764ae0btest", "name": "Mascaras", "sale": 30, "size": "0", "total_price": 636, "nm_id": 2389212, "brand": "Vivienne Sabo", "status": 202}], "locale": "en", "internal_signature": "", "customer_id": "test", "delivery_service": "meest", "shardkey": "9", "sm_id": 99, "date_created": "2022-10-04T00:00:00Z", "oof_shard": "1"}
{"order_uid": "missing_fields"}
{"order_uid": 123, "track_number":}
{"order_uid": "abc", "delivery": "should_be_object"}
